{"cameraMode":{"drawMode":0,"name":"Shaded","section":"Shading Mode"},"sceneLighting":true,"audioPlay":false,"sceneViewState":{"m_AlwaysRefresh":false,"showFog":true,"showSkybox":true,"showFlares":true,"showImageEffects":true,"showParticleSystems":true,"showVisualEffectGraphs":true,"m_FxEnabled":true},"in2DMode":false,"pivot":{"x":489.6038818359375,"y":1322.441162109375,"z":8.012533187866211},"rotation":{"x":-0.0018096122657880188,"y":0.0035972516052424909,"z":-0.000006508022124762647,"w":-0.9999921917915344},"size":525.1294555664063,"orthographic":false}